Player,Source,Source name
Aditya Chandrasekhar,sca,Aditya Chandrasekhar
Aditya Chandrasekhar,cricheroes,Aditya Chandrasekhar
Alpin Mehta,sca,Alpin Mehta
Alpin Mehta,cricheroes,Alpin Mehta
Anvay Kokate,sca,Anvay Kokate
Anvay Kokate,cricheroes,Anvay Kokate
Girish Balaraman,sca,Girish Balaraman
Girish Balaraman,cricheroes,Girish Balaraman
Hardik Shelat,sca,Hardik Shelat
Hardik Shelat,cricheroes,Hardik Shelat
Nishaanth Sivakumar,sca,Nishaanth Sivakumar
Nishaanth Sivakumar,cricheroes,Nishaanth Sivakumar
Rahul Singh,sca,Rahul Singh
Rahul Singh,cricheroes,Rahul Singh
Sanyam Makkar,sca,Sanyam Makkar
Sanyam Makkar,cricheroes,Sanyam Makkar
Shashank Patwal,sca,Shashank Patwal
Shashank Patwal,cricheroes,Shashank Patwal
Shreyas Puttur,sca,Shreyas Puttur
Shreyas Puttur,cricheroes,Puttur Shreyas
Thejas Puttur,sca,Thejas Puttur
Thejas Puttur,cricheroes,Puttur Thejas
