#,Team,M,W,L,D,T,NR,NRR,For,Against,Pt.,Last 5
1,HAWKS CC,8,5,0,0,0,3,2.529,912/123.3,607/125,27,W-W-W-W-W
2,HP,9,5,2,0,0,2,1.085,1227/171.4,1061/175,24,L-W-W-W-L
3,CHARGERS CRICKET CLUB,8,6,2,0,0,0,0.668,1269/177.4,1227/189.3,24,L-W-W-L-W
4,ELITE MAVERICKS,8,5,3,0,0,0,0.146,1395/193,1381/195,21,L-W-W-W-W
5,GLORIOUS CRICKET CLUB,7,4,3,0,0,0,-0.506,934/146.1,1024/148.3,16,W-W-W-L-W
6,LEGENDS X1,8,3,4,0,0,1,-0.033,1114/175,1059/165.3,15,L-W-L-W-W
7,CRACKING WILLOWS,8,3,5,0,0,0,-1.091,1024/197.1,1061/168.5,12,L-W-L-L-L
8,MISFITS CRICKET,8,2,5,0,0,1,-1.215,956/145.1,1122/143.5,10,W-L-L-W-L
9,GRAB CRICKET CLUB,8,2,6,0,0,0,-0.661,1069/194.4,1213/197.1,8,L-W-L-L-L
10,UTTARAKHAND CRICKET CLUB,8,1,6,0,0,1,-1.278,832/160.4,977/151.2,6,L-L-L-L-L
