#,Player,Team,Mat,Inns,Overs,Runs,Wkts,BBf,Mdns,Dots,Econ,Ave,SR,Hat-trick,4W,5W,Wides,Nb,SCA player ID
1,Alpin Mehta (hawks Club Admin),HAWKS CC,9,9,37.0,206,14,35/ 5,3,138,5.57,14.71,15.9,0,0,1,15,0,1075504
2,Shreyas Puttur,HAWKS CC,11,11,50.5,296,11,37/ 3,5,185,5.82,26.91,27.7,0,0,0,31,3,1080305
3,Nirmal Tripathy,HAWKS CC,10,10,47.0,326,10,20/ 3,2,125,6.94,32.60,28.2,0,0,0,12,1,1077408
4,Shashank Patwal,HAWKS CC,11,10,36.3,285,10,34/ 4,0,89,7.81,28.50,21.9,0,1,0,6,1,1078073
5,Thejas Puttur,HAWKS CC,11,10,34.0,249,9,24/ 3,0,98,7.32,27.67,22.7,0,0,0,15,1,1080532
6,Nikhilesh Goel,HAWKS CC,7,7,26.0,223,9,28/ 3,0,59,8.58,24.78,17.3,0,0,0,21,0,1077435
7,Pradeep Kumar Singh,HAWKS CC,8,7,16.0,121,5,25/ 3,0,50,7.56,24.20,19.2,0,0,0,4,2,1077417
8,Anvay Kokate,HAWKS CC,5,2,5.0,36,2,34/ 2,0,12,7.20,18.00,15.0,0,0,0,0,0,1089209
9,Hardik Shelat,HAWKS CC,3,1,3.0,22,1,22/ 1,0,9,7.33,22.00,18.0,0,0,0,1,0,1077407
10,Aditya Chandrasekhar,HAWKS CC,7,1,2.0,10,0,0/ 0,0,6,5.00,0,0.0,0,0,0,2,0,1089208
11,Dhananjay Gajjar,HAWKS CC,1,1,3.0,21,0,21/ 0,0,8,7.00,0,0.0,0,0,0,6,0,1080074
12,Nishaanth Sivakumar,HAWKS CC,7,1,3.0,32,0,0/ 0,0,9,10.67,0,0.0,0,0,0,8,0,1086221
