#,Player,Team,Mat,Ins,No,Runs,Balls,Avg,Sr,Hs,100's,75's,50's,25's,0,6's,4's,SCA player ID
1,Alok Patra,HAWKS CC,9,9,0,360,316,40.00,113.92,85,0,1,3,3,0,8,47,1077409
2,Nirmal Tripathy,HAWKS CC,10,10,3,230,148,32.86,155.41,88,0,1,1,3,1,14,25,1077408
3,Shashank Patwal,HAWKS CC,11,11,1,225,174,22.50,129.31,50,0,0,1,3,0,3,31,1078073
4,Rahul Singh,HAWKS CC,3,3,1,200,160,100.00,125.00,86,0,1,3,0,0,8,15,1077783
5,Nikhilesh Goel,HAWKS CC,7,7,0,194,117,27.71,165.81,96,0,1,1,1,0,15,20,1077435
6,Aditya Chandrasekhar,HAWKS CC,7,7,0,168,180,24.00,93.33,60,0,0,1,2,1,1,19,1089208
7,Saket Vaswani,HAWKS CC,7,7,1,162,125,27.00,129.60,55,0,0,1,2,0,4,20,1077411
8,Pradeep Kumar Singh,HAWKS CC,8,7,2,136,111,27.20,122.52,60,0,0,1,1,0,8,10,1077417
9,Shreyas Puttur,HAWKS CC,11,5,2,70,67,23.33,104.48,31,0,0,0,1,0,3,6,1080305
10,Thejas Puttur,HAWKS CC,11,6,2,55,67,13.75,82.09,24,0,0,0,0,1,1,5,1080532
11,Nishaanth Sivakumar,HAWKS CC,7,5,2,53,74,17.67,71.62,18,0,0,0,0,0,1,3,1086221
12,Tarun Goswami,HAWKS CC,3,3,0,48,50,16.00,96.00,27,0,0,0,1,1,1,4,1077413
13,Anvay Kokate,HAWKS CC,5,4,1,35,39,11.67,89.74,17,0,0,0,0,0,0,3,1089209
14,Alpin Mehta (hawks Club Admin),HAWKS CC,9,4,3,26,22,26.00,118.18,12,0,0,0,0,0,1,2,1075504
15,Vishal Doshi,HAWKS CC,4,3,0,23,37,7.67,62.16,14,0,0,0,0,0,1,2,1077418
16,Sanyam Makkar,HAWKS CC,1,1,0,17,29,17.00,58.62,17,0,0,0,0,0,0,2,1081500
17,Hardik Shelat,HAWKS CC,3,2,1,15,19,15.00,78.95,15,0,0,0,0,1,0,1,1077407
18,Girish Balaraman,HAWKS CC,2,1,0,12,30,12.00,40.00,12,0,0,0,0,0,0,1,1089717
19,Dhruv Praveen,HAWKS CC,1,0,0,0,0,--,0.00,0,0,0,0,0,0,0,0,1080374
20,Dhananjay Gajjar,HAWKS CC,1,0,0,0,0,--,0.00,0,0,0,0,0,0,0,0,1080074
21,Sakcham Bairoliya,HAWKS CC,1,1,0,0,2,0.00,0.00,0,0,0,0,0,1,0,0,1080255
