#,Player,Team,Catches,WK Catches,Direct RO,Indirect RO,Stumpings,Total,SCA player ID
1,Shashank Patwal,HAWKS CC,8,0,1,0,0,9,1078073
2,Alok Patra,HAWKS CC,0,4,2,1,1,8,1077409
3,Nishaanth Sivakumar,HAWKS CC,2,2,1,0,0,5,1086221
4,Saket Vaswani,HAWKS CC,3,0,0,0,0,3,1077411
5,Thejas Puttur,HAWKS CC,3,0,0,0,0,3,1080532
6,Shreyas Puttur,HAWKS CC,3,0,0,0,0,3,1080305
7,Nirmal Tripathy,HAWKS CC,2,0,1,0,0,3,1077408
8,Anvay Kokate,HAWKS CC,2,0,0,0,0,2,1089209
9,Pradeep Kumar Singh,HAWKS CC,2,0,0,0,0,2,1077417
10,Girish Balaraman,HAWKS CC,0,2,0,0,0,2,1089717
11,Alpin Mehta (hawks Club Admin),HAWKS CC,1,0,0,1,0,2,1075504
12,Aditya Chandrasekhar,HAWKS CC,0,0,0,1,0,1,1089208
13,Nikhilesh Goel,HAWKS CC,0,0,0,1,0,1,1077435
14,Rahul Singh,HAWKS CC,0,0,0,0,0,0,1077783
15,Dhruv Praveen,HAWKS CC,0,0,0,0,0,0,1080374
16,Tarun Goswami,HAWKS CC,0,0,0,0,0,0,1077413
17,Hardik Shelat,HAWKS CC,0,0,0,0,0,0,1077407
18,Dhananjay Gajjar,HAWKS CC,0,0,0,0,0,0,1080074
19,Sanyam Makkar,HAWKS CC,0,0,0,0,0,0,1081500
20,Vishal Doshi,HAWKS CC,0,0,0,0,0,0,1077418
21,Sakcham Bairoliya,HAWKS CC,0,0,0,0,0,0,1080255
